1,1392.46,0.744287,-0.00214534,0.125,-1.99524e-33,1,7.37125e-07
2,1382.84,0.74426,-0.0022635,0.563009,2.15635e-07,1,-1.05157e-05
3,1324.3,0.743895,-0.00290302,3.29103,7.07113e-05,1,-0.000476814
4,1270.19,0.743284,-0.00325146,5.91898,0.000431889,1,-0.0015958
5,1349.92,0.744131,-0.0030027,2.09172,2.75812e-06,1,-0.000187932
6,1347.92,0.744228,-0.00358221,2.20173,-3.10637e-05,1,-0.000210715
7,1350.61,0.744577,-0.0036891,2.0983,1.19135e-05,1,-0.000191234
8,1336.69,0.744796,-0.00435689,2.78951,3.43326e-05,1,-0.000346019
9,1319.41,0.745328,-0.00493064,3.67802,9.11661e-05,1,-0.000612945
10,1301.51,0.745883,-0.00566433,4.62817,0.00018344,1,-0.000988218
11,1281.82,0.74674,-0.00650236,5.72703,0.000349785,1,-0.00154384
12,1260.54,0.747917,-0.00740283,6.98441,0.000645509,1,-0.00235002
13,1239.41,0.749588,-0.00830513,8.34332,0.00111995,1,-0.00344317
14,1220.95,0.7519,-0.00915249,9.69017,0.00177604,1,-0.00477781
15,1205.41,0.754888,-0.00988066,11.0207,0.00263887,0.999999,-0.00636409
16,1198.49,0.759127,-0.0106553,12.0244,0.00341769,0.999992,-0.00778868
17,1120.31,0.704383,-0.017671,13.5033,0.00498431,0.982394,-0.0101616
18,1144.76,0.753832,-0.0127808,18.0452,0.0141356,0.915055,-0.0195426
19,1169.54,0.777006,-0.0099203,19.6431,0.0182106,0.891461,-0.0234445
20,1227.15,0.822585,-0.00225207,22.6829,0.0252491,0.84674,-0.030682
21,1246.04,0.836219,0.000699478,23.6951,0.0272904,0.831863,-0.0328622
22,1259.31,0.843591,0.00297974,24.631,0.0278237,0.81807,-0.0349023
23,1263.03,0.853563,0.00680209,25.5341,0.0290312,0.804853,-0.035815
24,1255.65,0.859558,0.0106577,26.4058,0.0295624,0.792092,-0.0361487
25,1235.75,0.862102,0.0146279,27.2477,0.0296478,0.779766,-0.0357896
26,1202.61,0.859712,0.0184241,28.0608,0.0291498,0.767848,-0.0348476
27,1164.91,0.853848,0.0214139,28.7156,0.0283629,0.75824,-0.0336264
28,1108.3,0.841442,0.0246535,29.4756,0.0269682,0.747076,-0.0317374
29,1040.58,0.822387,0.0273955,30.2116,0.0250938,0.736248,-0.0295042
30,963.836,0.797338,0.0296979,30.9231,0.0229254,0.725773,-0.0269338
31,917.984,0.767692,0.0272369,31.6104,0.0223508,0.715837,-0.0254208
32,842.385,0.74361,0.0293897,32.2742,0.019661,0.706034,-0.0224284
33,763.436,0.709426,0.0305882,32.9152,0.0167256,0.696553,-0.0197369
34,684.294,0.671839,0.0315131,33.534,0.0141962,0.687407,-0.0168782
35,619.754,0.636804,0.0319527,34.0322,0.0121532,0.680047,-0.0145223
36,546.386,0.589404,0.0319661,34.6102,0.00979151,0.671511,-0.0119375
37,479.319,0.536611,0.0314568,35.1702,0.0076059,0.663245,-0.00968964
38,420.161,0.481202,0.0306463,35.711,0.0058539,0.655269,-0.00766858
39,369.939,0.422933,0.029485,36.2333,0.00450033,0.647573,-0.00603507
40,328.982,0.363356,0.0280762,36.7375,0.00363298,0.640146,-0.00478896
41,296.919,0.303256,0.0264669,37.2243,0.00325158,0.632976,-0.00397275
42,276.4,0.254186,0.0250673,37.6166,0.00335139,0.627198,-0.00357582
43,250.126,0.1407,0.0211131,38.1466,0.00457103,0.619399,-0.00394918
44,241.204,0.0904912,0.0194493,38.5864,0.00577503,0.6129,-0.00444937
45,235.173,0.0429193,0.0177991,39.0097,0.00726193,0.606628,-0.00536039
46,230.887,0.000426931,0.0163323,39.4182,0.00907204,0.600562,-0.00647605
47,227.469,-0.0375543,0.0150232,39.8127,0.011061,0.594688,-0.00781376
48,224.308,-0.0702994,0.0139264,40.1934,0.0131843,0.589005,-0.00927659
49,221.616,-0.0944931,0.0131319,40.5001,0.0149373,0.584412,-0.0106157
50,217.589,-0.120587,0.0123909,40.9143,0.0174388,0.578204,-0.0123538
51,213.197,-0.139393,0.0119883,41.3146,0.0198733,0.572196,-0.0139928
52,208.412,-0.140582,0.0121728,41.6444,0.0215536,0.56723,-0.0153803
53,204.74,-0.15099,0.0121349,41.9615,0.0231366,0.562462,-0.016675
54,201.785,-0.157614,0.0122099,42.2166,0.024244,0.558624,-0.0176483
55,198.415,-0.162395,0.0124684,42.5123,0.0253424,0.554185,-0.0185668
56,195.235,-0.164775,0.0128596,42.7987,0.0261864,0.549897,-0.0192425
57,192.261,-0.166539,0.013298,43.0751,0.0267389,0.545765,-0.0197529
58,189.47,-0.167563,0.0137877,43.3419,0.0270567,0.541788,-0.0200635
59,186.858,-0.168765,0.0142865,43.5994,0.0271478,0.537959,-0.0202071
60,184.43,-0.170478,0.0147777,43.848,0.0270527,0.534274,-0.0201933
61,182.206,-0.157986,0.0103576,44.0879,0.0285365,0.530746,-0.0208914
62,180.428,-0.141108,0.011878,44.2812,0.0278211,0.527885,-0.0204804
63,178.124,-0.130364,0.0133433,44.5052,0.0266746,0.524565,-0.020105
64,175.557,-0.122371,0.0147361,44.7223,0.0255847,0.521372,-0.019378
65,173.029,-0.121289,0.0158732,44.9319,0.024458,0.518295,-0.0186535
66,170.599,-0.126688,0.0169538,45.1678,0.0232759,0.514844,-0.0177794
67,169.391,-0.136714,0.0176749,45.3628,0.0224406,0.511995,-0.0170854
68,169.295,-0.150574,0.0182452,45.5506,0.0218651,0.509256,-0.0164667
69,170.751,-0.17254,0.0186801,45.7617,0.0215159,0.506169,-0.016014
70,175.709,-0.313077,0.00649509,46.1936,0.0260922,0.499788,-0.017823
71,167.021,-0.257136,0.0124395,46.5477,0.0267028,0.49446,-0.0178537
72,165.13,-0.253119,0.0144094,46.6994,0.0269545,0.492137,-0.0185598
73,164.096,-0.247685,0.0167356,46.8647,0.0276932,0.489635,-0.018864
74,164.117,-0.252176,0.0184089,47.0008,0.0283551,0.48756,-0.0193748
75,162.852,-0.217631,0.0242327,47.1316,0.027884,0.485563,-0.0192312
76,167.326,-0.248717,0.0248413,47.2577,0.0290004,0.483654,-0.0198807
77,172.69,-0.277768,0.0254878,47.3794,0.0304857,0.481815,-0.0204674
78,177.611,-0.30559,0.02588,47.4773,0.0318159,0.480306,-0.0212647
79,183.709,-0.337507,0.0263702,47.5907,0.0336538,0.478547,-0.022261
80,189.59,-0.368954,0.026844,47.7005,0.0356739,0.476821,-0.0234098
81,195.012,-0.399518,0.0273145,47.8064,0.0378194,0.475134,-0.0246816
82,194.453,-0.418418,0.0274758,47.9084,0.0400847,0.473468,-0.0260574
83,198.075,-0.443186,0.0282617,48.0066,0.042225,0.471861,-0.0274176
84,201.424,-0.467527,0.0290087,48.1011,0.0443521,0.470299,-0.0288061
85,204.014,-0.487929,0.0295863,48.1771,0.0460523,0.469029,-0.030004
86,207.05,-0.510265,0.0302965,48.2648,0.0480052,0.467564,-0.0313163
87,209.939,-0.530443,0.0310184,48.3494,0.049844,0.466153,-0.0325101
88,214.723,-0.558736,0.0322617,48.4846,0.052668,0.463924,-0.0341517
89,217.416,-0.576474,0.032909,48.5623,0.0541727,0.462626,-0.0351934
90,220.317,-0.595633,0.0334531,48.6358,0.0554269,0.461383,-0.0362812
91,223.566,-0.611381,0.0340458,48.7063,0.0565462,0.460217,-0.0371006
92,188.228,-0.625527,0.0199367,48.7741,0.0560531,0.459279,-0.0372292
93,181.336,-0.576752,0.025582,48.8394,0.0553514,0.458157,-0.0371748
94,180.833,-0.55077,0.0296885,48.892,0.0548841,0.45729,-0.0369891
95,185.463,-0.536873,0.0339181,48.9527,0.0545294,0.456319,-0.0367854
96,195.333,-0.539252,0.0374807,49.0115,0.0545243,0.455402,-0.0366898
97,179.819,-0.620409,0.0197327,49.0681,0.0564714,0.454629,-0.0374399
98,175.506,-0.552596,0.0289325,49.1226,0.0559209,0.453604,-0.0371395
99,180.357,-0.525271,0.0365591,49.1752,0.0559723,0.452599,-0.0373973
100,196.322,-0.524801,0.0440958,49.2342,0.0572455,0.45153,-0.0378163
101,218.84,-0.551639,0.0494155,49.2825,0.0592796,0.450616,-0.0387644
102,221.635,-0.712263,0.0313131,49.3287,0.06651,0.449631,-0.0420209
103,224.004,-0.665873,0.0436397,49.3801,0.0694987,0.448272,-0.0436157
104,239.737,-0.679397,0.0518165,49.4218,0.0727682,0.447007,-0.0461406
105,265.71,-0.712324,0.0587001,49.4611,0.0771004,0.445846,-0.0485446
106,306.546,-0.777866,0.0650674,49.5039,0.0829897,0.444454,-0.0519403
107,354.361,-0.85788,0.0701235,49.5438,0.0897866,0.443032,-0.0556833
108,403.992,-0.94866,0.074025,49.5805,0.0970821,0.441497,-0.0599853
109,450.849,-1.04039,0.0771017,49.6139,0.104634,0.439902,-0.0645171
110,491.44,-1.12927,0.0795113,49.6436,0.112058,0.438262,-0.0691885
111,421.823,-1.10402,0.0790752,49.6658,0.114528,0.436454,-0.0718103
112,471.675,-1.16611,0.086993,49.6881,0.121086,0.434754,-0.0762394
113,525.811,-1.23169,0.0919119,49.7041,0.126824,0.433538,-0.0796059
114,530.696,-1.41547,0.0720935,49.7191,0.133082,0.432337,-0.0838253
115,540.989,-1.39492,0.0835385,49.7295,0.137007,0.430936,-0.0866753
116,586.586,-1.42378,0.0925273,49.7385,0.141248,0.4296,-0.0899589
117,654.63,-1.47928,0.0982058,49.7449,0.145199,0.428682,-0.0926437
118,724.25,-1.54568,0.100873,49.7477,0.147961,0.428024,-0.0949722
119,631.211,-1.59802,0.0847818,49.7487,0.149558,0.427059,-0.0965936
120,694.891,-1.58826,0.0974699,49.7483,0.151005,0.426395,-0.0980285
121,786.461,-1.62813,0.103798,49.7464,0.152238,0.426193,-0.0991265
122,788.561,-1.62352,0.105502,49.7426,0.151809,0.425887,-0.0994471
123,979.198,-1.71737,0.111554,49.7384,0.153074,0.426195,-0.100379
124,1194.36,-1.84349,0.112335,49.7326,0.155047,0.426717,-0.101347
125,1370.91,-1.95878,0.110367,49.7278,0.156907,0.427054,-0.102479
126,1575.82,-2.09726,0.105726,49.7233,0.158812,0.427521,-0.103642
127,1707.18,-2.28026,0.088293,49.7165,0.161311,0.428033,-0.105121
128,1726.08,-2.30085,0.0866949,49.7128,0.16088,0.428234,-0.105346
129,1742.1,-2.32351,0.0833885,49.7107,0.159019,0.428654,-0.105064
130,1749.34,-2.333,0.0799387,49.7056,0.156469,0.429343,-0.104053
131,1829.33,-2.27757,0.0886091,49.7034,0.150737,0.430403,-0.101492
132,1906.7,-2.33066,0.0803738,49.7046,0.146893,0.431566,-0.0994845
133,1954.01,-2.35472,0.0730145,49.7041,0.142451,0.432902,-0.0966807
134,1898.79,-2.39538,0.0555108,49.7075,0.136836,0.43423,-0.0935612
135,1843.55,-2.34139,0.0520512,49.7152,0.130311,0.435365,-0.0897678
136,1799.25,-2.28618,0.048766,49.7222,0.123341,0.436553,-0.0856743
137,1766.25,-2.23067,0.0456505,49.7323,0.116296,0.437724,-0.0813115
138,1745.77,-2.17793,0.0425851,49.7454,0.109165,0.43884,-0.0768053
139,1724.71,-2.16931,0.0312536,49.7622,0.101271,0.440005,-0.0718759
140,1676.66,-2.09232,0.0298772,49.7781,0.094137,0.440883,-0.0672258
141,1644.34,-2.02248,0.0284829,49.7972,0.0874551,0.441664,-0.0626218
142,1622.34,-1.95791,0.0265527,49.8214,0.0801724,0.442362,-0.057856
143,1611.61,-1.90798,0.0248519,49.8418,0.0747288,0.442897,-0.0539008
144,1580.59,-1.83604,0.0237624,49.8734,0.0678753,0.443319,-0.0492799
145,1574.14,-1.80602,0.021202,49.8978,0.0640223,0.443524,-0.0462351
146,1555.18,-1.77009,0.0190136,49.921,0.0610378,0.443668,-0.0433323
147,1456.39,-1.8427,-0.00146532,49.9462,0.0619622,0.443125,-0.0426529
148,1305.62,-1.72545,0.000757759,49.9727,0.0589727,0.442911,-0.0403472
149,1160.45,-1.61757,0.00257015,50.0005,0.0555844,0.442574,-0.0386472
150,1057.64,-1.52773,0.00406847,50.0238,0.0532104,0.442361,-0.0368171
151,959.449,-1.43915,0.00537584,50.0513,0.0504239,0.442074,-0.0350213
152,893.058,-1.37114,0.00627439,50.0743,0.0480875,0.441863,-0.0333754
153,828.622,-1.30368,0.00699525,50.0999,0.0457162,0.441607,-0.0317264
154,804.518,-1.3449,-0.00169562,50.122,0.0474475,0.441204,-0.0318825
155,715.718,-1.25411,0.000432809,50.1433,0.0457137,0.440937,-0.0305594
156,643.577,-1.18242,0.00201835,50.1639,0.0438091,0.440632,-0.0297939
157,585.43,-1.11227,0.00354204,50.184,0.0421259,0.44039,-0.0286077
158,538.406,-1.05295,0.00475106,50.2035,0.040403,0.440148,-0.0276
159,611.961,-1.03806,0.011301,50.2224,0.0361298,0.440224,-0.0253604
160,600.273,-1.02517,0.0103559,50.2409,0.0353208,0.440003,-0.0246589
161,584.33,-1.00335,0.0096937,50.2593,0.0349191,0.4398,-0.0237014
162,564.352,-0.986812,0.00892342,50.2772,0.0345491,0.43954,-0.0232941
163,536.398,-0.963244,0.00817985,50.2975,0.0343875,0.439232,-0.0228855
164,504.55,-0.93846,0.00750442,50.3171,0.0343082,0.438908,-0.022704
165,475.405,-0.913879,0.00703763,50.3334,0.0342751,0.438639,-0.0225428
166,339.527,-0.691297,0.0169497,50.3514,0.0303459,0.438318,-0.0208056
167,345.942,-0.70842,0.0149658,50.3663,0.0300402,0.438128,-0.0206158
168,347.196,-0.710528,0.0134301,50.3808,0.0300052,0.437971,-0.0199914
169,343.861,-0.71447,0.011884,50.3947,0.0298094,0.437773,-0.0198386
170,334.828,-0.709745,0.0103743,50.4105,0.0296585,0.43755,-0.0195528
171,321.772,-0.700695,0.00901883,50.4257,0.0293773,0.437321,-0.0193765
172,308.442,-0.687476,0.00802747,50.4382,0.0290424,0.437137,-0.0191317
173,291.676,-0.668447,0.00698838,50.4523,0.0284315,0.436933,-0.0188079
174,277.123,-0.648685,0.00620269,50.464,0.0277108,0.436772,-0.0184144
175,263.097,-0.626672,0.00548397,50.4753,0.026789,0.436626,-0.0179083
176,249.992,-0.603122,0.00480951,50.4861,0.0256606,0.436492,-0.0172906
177,225.768,-0.718415,-0.0143034,50.4951,0.0316212,0.436327,-0.0196363
178,178.14,-0.580812,-0.0103869,50.5125,0.028423,0.436132,-0.0180625
179,155.191,-0.496762,-0.00802416,50.5103,0.0247621,0.436195,-0.0173313
180,140.509,-0.397178,-0.00530159,50.513,0.0206026,0.436231,-0.015021
181,134.489,-0.331977,-0.00356737,50.5238,0.0164407,0.436127,-0.0130027
182,131.805,-0.262343,-0.00180635,50.5327,0.0108116,0.43607,-0.00981377
183,129.755,-0.37502,-0.0203186,50.54,0.014391,0.43609,-0.0106236
184,123.267,-0.246344,-0.0155363,50.5474,0.00961804,0.436002,-0.00749142
185,121.753,-0.165616,-0.0121195,50.5545,0.00435054,0.435899,-0.00554528
186,121.406,-0.08931,-0.00890219,50.5615,-0.000208402,0.435782,-0.0025246
187,121.222,-0.0416056,-0.00651266,50.5684,-0.0045559,0.435665,-7.52077e-06
188,121.574,-0.00638303,-0.0043333,50.5762,-0.00878276,0.43554,0.00283275
189,123.319,0.00605748,-0.00297638,50.5827,-0.0116194,0.435449,0.0049093
190,127.111,0.00737612,-0.00193538,50.5888,-0.0134973,0.435375,0.00669305
191,132.946,-0.0044434,-0.00124729,50.5948,-0.0144485,0.435318,0.00781858
192,141.548,-0.0288888,-0.000716318,50.6015,-0.014301,0.435265,0.00837758
193,136.573,-0.148213,-0.0169924,50.607,-0.00786228,0.435001,0.0060489
194,128.913,-0.0851147,-0.012222,50.6133,-0.00670334,0.434953,0.00575382
195,125.139,-0.0588534,-0.00889352,50.6184,-0.00547765,0.434914,0.0044236
196,122.734,-0.0277992,-0.0050211,50.624,-0.00320933,0.434855,0.00336231
197,121.625,-0.0150019,-0.00207857,50.6286,-0.00103788,0.434794,0.00198115
198,121.037,-0.00690641,0.000731986,50.6331,0.0014365,0.434722,0.000566008
199,120.746,-0.00536433,0.00336391,50.6375,0.00408012,0.434637,-0.00103197
200,122.986,-0.146755,-0.0148822,50.6424,0.0159141,0.434579,-0.00652206
201,134.584,-0.0427241,-0.0075934,50.6464,0.0176781,0.43448,-0.00782363
202,150.444,0.0196628,-0.00147301,50.6502,0.0185429,0.434329,-0.0101029
203,164.109,0.0831981,0.00459952,50.6538,0.0195305,0.434162,-0.0109732
204,172.226,0.121684,0.00993023,50.6572,0.020015,0.433973,-0.0119721
205,173.408,0.148414,0.0148681,50.6603,0.0204588,0.43379,-0.0124624
206,168.346,0.156688,0.0192398,50.6631,0.0208225,0.433613,-0.0129638
207,158.787,0.151298,0.0231771,50.6657,0.0213604,0.433455,-0.0133614
208,147.157,0.131401,0.0266658,50.668,0.0221624,0.433311,-0.0138743
209,330.787,0.229932,-9.0465e-06,50.6704,0.0287061,0.433775,-0.0167739
210,352.784,0.348393,0.0133599,50.6723,0.0269207,0.433291,-0.016199
211,333.444,0.404308,0.0264226,50.6749,0.0253639,0.432705,-0.0165528
212,297.417,0.417489,0.0348137,50.6765,0.0253561,0.432375,-0.0163486
213,233.753,0.382438,0.044851,50.6777,0.0266081,0.43199,-0.017
214,174.013,0.305485,0.0534717,50.6783,0.0299551,0.4317,-0.0183409
215,139.504,0.209672,0.0596343,50.5776,0.0344519,0.432938,-0.0204944
216,122.847,0.0776651,0.0663339,50.5701,0.0430915,0.432539,-0.0246173
217,124.561,-0.033394,0.070811,50.6893,0.0496822,0.430319,-0.0281057
218,142.854,-0.178344,0.0752657,50.6579,0.0589911,0.429968,-0.0334859
219,153.349,-0.224572,0.0288822,50.6662,0.069089,0.428125,-0.0389599
220,159.343,-0.103093,0.0574072,50.6667,0.0768245,0.425821,-0.0441005
221,147.476,-0.0768022,0.0820325,50.6594,0.0865669,0.423502,-0.0501263
222,131.524,-0.125005,0.103168,50.6512,0.0982712,0.421141,-0.0568659
223,128.796,-0.236571,0.120932,50.6389,0.111506,0.418701,-0.0645657
224,151.994,-0.3942,0.135644,50.6223,0.125948,0.416167,-0.0730317
225,834.33,0.128709,0.0696574,50.6005,0.135305,0.40374,-0.0796926
226,590.479,0.432375,0.170576,50.5706,0.154292,0.395753,-0.0907055
227,239.054,0.296369,0.238744,50.5214,0.179066,0.391791,-0.103577
228,144.01,-0.0745361,0.274389,50.4658,0.202351,0.389244,-0.117366
229,331.547,-0.570638,0.2935,50.402,0.22648,0.386647,-0.1322
230,758.098,-1.11706,0.299953,50.3321,0.250399,0.383462,-0.147303
231,645.743,-1.35322,0.289671,50.2424,0.280139,0.372473,-0.165319
232,1206.58,-1.7377,0.317173,50.1589,0.30266,0.367158,-0.180384
233,1922.5,-2.26966,0.316756,50.0558,0.32258,0.362197,-0.195441
234,1850.66,-2.47192,0.309012,49.9207,0.341945,0.353432,-0.20936
235,2857.75,-3.11358,0.290232,49.7729,0.358526,0.352133,-0.22217
236,3419.98,-3.63777,0.249191,49.6091,0.367273,0.353434,-0.231304
237,2990.9,-3.71471,0.220288,49.4643,0.365731,0.35271,-0.23557
238,3116.37,-3.8988,0.194288,49.2951,0.359788,0.359143,-0.236724
239,3322.53,-4.16834,0.150395,49.1528,0.351005,0.369296,-0.234848
240,2948.92,-4.08382,0.124108,49.0232,0.331126,0.379556,-0.226987
241,2591.68,-3.92124,0.102849,48.9087,0.304674,0.390993,-0.21511
242,2309.31,-3.68445,0.0832647,48.8009,0.267463,0.405267,-0.196361
243,2074.33,-3.36156,0.0705396,48.7208,0.22242,0.418772,-0.172645
244,2084.45,-3.13021,0.0595647,48.673,0.184658,0.430368,-0.149612
245,2126.01,-3.03899,0.0236943,48.6455,0.148587,0.441668,-0.12553
246,2180.84,-2.76792,0.0200814,48.6476,0.112526,0.449497,-0.101643
247,2425.03,-2.54228,0.0163172,48.675,0.0741633,0.456362,-0.0763617
248,2778.72,-2.40135,0.0132758,48.7155,0.0461837,0.46103,-0.0557211
249,3513.82,-2.50866,-0.000467845,48.7603,0.032915,0.464025,-0.0410662
250,3872.98,-2.42832,-0.00433718,48.8231,0.0153989,0.46598,-0.026177
251,4212.67,-2.40066,-0.0092996,48.8896,0.00253339,0.466776,-0.0154294
252,4487.97,-2.38336,-0.0142879,48.9597,-0.00508378,0.466843,-0.00690821
253,4805.01,-2.05574,0.0268854,49.0312,-0.0217469,0.470996,0.00410449
254,5517.82,-2.31708,0.00826798,49.1138,-0.018239,0.469566,0.00553264
255,5778,-2.42808,-0.00267666,49.1769,-0.0117749,0.468017,0.00655189
256,5787.51,-2.5586,-0.0156399,49.2509,-0.00273076,0.465084,0.00311513
257,5759.89,-2.38253,0.0113224,49.3347,-0.00258878,0.465988,0.00340703
258,5688.67,-2.58427,-0.00710576,49.4013,0.0114655,0.46203,-0.00387686
259,5251.45,-2.66719,-0.0218921,49.468,0.0264713,0.458134,-0.0102553
260,4543.66,-2.69413,-0.0348163,49.5297,0.0397112,0.454295,-0.0184974
261,3686.89,-2.63276,-0.0449786,49.5845,0.0511914,0.451186,-0.0256538
262,2655.54,-2.47559,-0.0542053,49.6413,0.0606595,0.448631,-0.0325814
263,1851.62,-2.28026,-0.0603679,49.6847,0.0645838,0.447429,-0.0367433
264,1195.24,-2.04345,-0.065491,49.7224,0.0635846,0.447099,-0.0387086
265,710.708,-1.76823,-0.0697848,49.7574,0.0577717,0.447401,-0.0376426
266,392.111,-1.4711,-0.0737941,49.791,0.0471647,0.447994,-0.0337558
267,214.547,-1.15932,-0.077753,49.8253,0.0320523,0.448464,-0.0268842
268,142.616,-0.844133,-0.0819569,49.8599,0.0128278,0.44842,-0.017274
269,138.116,-0.532885,-0.086533,49.8951,-0.00984696,0.447501,-0.0051557
270,442.259,-0.618798,-0.0294774,49.9296,-0.0392658,0.441779,0.0107922
271,508.54,-0.725653,-0.0701937,49.9628,-0.0623258,0.437151,0.0248765
272,500.002,-0.710807,-0.108134,49.9876,-0.0881723,0.431003,0.0414811
273,443.724,-0.620697,-0.137011,50.0019,-0.111474,0.425113,0.0563464
274,342.509,-0.435067,-0.167276,50.009,-0.140368,0.417793,0.0744841
275,242.94,-0.189303,-0.191966,50.0063,-0.169484,0.410743,0.0921208
276,176.308,0.119919,-0.209853,49.9913,-0.196832,0.403699,0.110165
277,155.961,0.45035,-0.221763,49.9637,-0.221853,0.397227,0.127069
278,180.987,0.786066,-0.228437,49.9233,-0.243571,0.391317,0.142739
279,242.516,1.10462,-0.231382,49.8707,-0.261765,0.386249,0.156545
280,188.345,0.796978,-0.279057,49.8147,-0.301447,0.361992,0.179161
281,262.707,1.03032,-0.334115,49.728,-0.327777,0.354069,0.19552
282,542.529,1.50091,-0.347463,49.6153,-0.34596,0.347657,0.211564
283,585.224,1.68942,-0.365814,49.4624,-0.378895,0.330285,0.23196
284,1189.3,2.17074,-0.379415,49.3181,-0.394984,0.32629,0.24501
285,2428.56,3.07007,-0.341931,49.1148,-0.405685,0.330414,0.257496
286,3096.02,3.7763,-0.266658,48.9008,-0.406458,0.339865,0.263163
287,3178.44,4.13754,-0.202332,48.6726,-0.395507,0.352434,0.263548
288,2904.12,4.21243,-0.158863,48.5225,-0.379601,0.363818,0.259057
289,2458.98,4.12278,-0.118323,48.3747,-0.352491,0.37938,0.247725
290,1982.42,3.89243,-0.0867446,48.2492,-0.316596,0.395799,0.230661
291,1656.93,3.58706,-0.0668332,48.1601,-0.274567,0.412108,0.208311
292,1391.87,3.34372,-0.0284001,48.1014,-0.226977,0.429026,0.181354
293,1264.79,2.91235,-0.0210926,48.0736,-0.168786,0.443644,0.147733
294,1351.75,2.59568,-0.0171012,48.0798,-0.120584,0.454093,0.116882
295,1555.34,2.34953,-0.015092,48.1101,-0.0846734,0.461443,0.0891595
296,1771.46,2.18373,0.0055341,48.1653,-0.0432802,0.467183,0.0599778
297,2193.17,2.02549,0.00712682,48.2347,-0.00859559,0.47058,0.0349038
298,2737.11,1.93081,0.0102688,48.3119,0.0190316,0.472692,0.0124912
299,3520.54,2.0225,0.0240992,48.3946,0.0376291,0.473151,-0.00445687
300,4055.18,2.00431,0.0292351,48.4807,0.0524142,0.472924,-0.0187652
301,4516.91,2.02718,0.0358083,48.5661,0.0614123,0.471918,-0.028597
302,4839.91,2.05936,0.0427943,48.651,0.0647893,0.47033,-0.0350238
303,4855.43,2.03406,0.046002,48.7201,0.0648654,0.468774,-0.0384452
304,4845.45,2.07274,0.0532727,48.7997,0.0602011,0.466513,-0.0385958
305,4615.93,2.08795,0.0598184,48.8769,0.0522423,0.464061,-0.0362649
306,4191.35,2.07526,0.0654417,48.9507,0.0420993,0.461584,-0.0318516
307,3619.87,2.02849,0.0699241,49.0202,0.0307641,0.45925,-0.0260677
308,2962.7,1.946,0.0732143,49.0861,0.0192494,0.457181,-0.019494
309,2285.27,1.827,0.0753118,49.1485,0.00846611,0.455477,-0.0127745
310,1802.63,1.67311,0.0661576,49.2072,-0.000278401,0.454669,-0.00667739
311,1263.94,1.53589,0.0697944,49.263,-0.00813306,0.453506,-0.000924517
312,808.988,1.3563,0.0720666,49.3171,-0.01313,0.4528,0.00336463
313,468.692,1.14685,0.073424,49.369,-0.0147534,0.452486,0.00606811
314,252.224,0.913175,0.0741026,49.419,-0.0128661,0.452408,0.0067408
315,150.028,0.665222,0.0744425,49.4677,-0.00725401,0.452371,0.00525207
316,174.868,0.554701,0.0515399,49.5069,0.00262181,0.451079,0.00121835
317,139.421,0.42692,0.0617359,49.5516,0.012252,0.450327,-0.0034558
318,131.254,0.26571,0.0710277,49.5953,0.0248668,0.449208,-0.010297
319,147.077,0.0896331,0.0799067,49.6371,0.0403667,0.447645,-0.0185955
320,179.95,-0.101315,0.0882539,49.6764,0.0580713,0.445442,-0.0285888
321,228.601,-0.322203,0.0976532,49.7188,0.0811018,0.442128,-0.0413666
322,262.893,-0.493064,0.103542,49.7457,0.0980912,0.43899,-0.0521357
323,299.577,-0.689904,0.110067,49.772,0.118419,0.434802,-0.0653025
324,327.568,-0.860078,0.11631,49.7926,0.138404,0.430541,-0.0776196
325,350.137,-1.0649,0.124929,49.8121,0.166323,0.424373,-0.0941721
326,158.185,-0.794158,0.142083,49.8162,0.193376,0.409429,-0.110071
327,173.819,-0.794346,0.185506,49.8096,0.214263,0.40155,-0.12482
328,224.563,-0.932261,0.216053,49.7801,0.234285,0.394951,-0.139019
329,260.788,-1.11914,0.22837,49.7354,0.256548,0.386745,-0.153822
330,416.027,-1.33379,0.254203,49.6787,0.273624,0.381867,-0.166249
331,673.564,-1.66269,0.262725,49.6075,0.288062,0.378352,-0.177804
332,943.886,-1.96862,0.260903,49.5401,0.297745,0.376245,-0.186487
333,1264.63,-2.28704,0.255893,49.4517,0.307893,0.374253,-0.195134
334,1685.68,-2.64658,0.239902,49.3595,0.313124,0.375671,-0.200678
335,2032.24,-2.9602,0.217398,49.2633,0.313689,0.37829,-0.204206
336,2103.9,-3.09952,0.20383,49.167,0.315755,0.377721,-0.207304
337,2359.53,-3.26804,0.186934,49.06,0.309706,0.383155,-0.206199
338,2543.08,-3.44734,0.158406,48.9672,0.299468,0.390033,-0.203068
339,2579.8,-3.47527,0.142271,48.8967,0.287456,0.396223,-0.19762
340,2579.5,-3.46589,0.123399,48.8264,0.26993,0.404085,-0.189036
341,2391.34,-3.31061,0.111366,48.7679,0.246814,0.411093,-0.177143
342,2431.55,-3.21979,0.100983,48.7129,0.22509,0.4192,-0.164736
343,2280.68,-3.15446,0.070106,48.6734,0.201715,0.426867,-0.150401
344,2366.33,-2.96144,0.07232,48.6517,0.174836,0.434399,-0.1343
345,2523.89,-2.85297,0.0720365,48.6496,0.157668,0.439913,-0.121758
346,2559.92,-2.83657,0.0458928,48.6633,0.139081,0.445263,-0.107955
347,2740.27,-2.69959,0.0523534,48.6876,0.121772,0.449428,-0.0959481
348,3010.93,-2.62369,0.0556763,48.7203,0.108479,0.453119,-0.0852635
349,3329,-2.60121,0.0565753,48.7619,0.0987829,0.455951,-0.0767835
350,3656.49,-2.6133,0.0558698,48.8107,0.0926466,0.457956,-0.0703255
351,4193.73,-2.68646,0.0593521,48.8604,0.0906445,0.459492,-0.0664506
352,4433.89,-2.77261,0.0505294,48.9167,0.0907586,0.459538,-0.0642025
353,4521.34,-2.82762,0.0437183,48.9657,0.0922986,0.458957,-0.0634839
354,4489.62,-2.87469,0.0361032,49.0229,0.0953778,0.457649,-0.0639959
355,4037.43,-2.89175,0.0178206,49.0861,0.099709,0.455155,-0.0655785
356,3682.9,-2.81184,0.020059,49.1398,0.104156,0.453235,-0.0676446
357,3323.03,-2.73282,0.0219802,49.1917,0.108676,0.45123,-0.0701134
358,2889.86,-2.6382,0.0215009,49.237,0.112701,0.44917,-0.0725385
359,2545.28,-2.53619,0.0256086,49.2775,0.116558,0.447361,-0.0750329
360,2235,-2.4378,0.0291931,49.3168,0.119861,0.445687,-0.0772703
361,1962.29,-2.34284,0.0323073,49.3548,0.122164,0.4442,-0.0790978
362,1726.71,-2.25031,0.0350034,49.387,0.123425,0.44301,-0.0803897
363,1446.29,-2.1568,0.0314525,49.4159,0.123276,0.441941,-0.0809311
364,1245.11,-2.02078,0.0378557,49.4484,0.122031,0.441085,-0.0808084
365,1097.96,-1.87635,0.0469618,49.4748,0.11935,0.440497,-0.0798099
366,1045.06,-1.81601,0.0498681,49.4989,0.117042,0.440302,-0.0787452
367,1016.78,-1.7677,0.0519346,49.521,0.11442,0.440316,-0.077242
368,1007.61,-1.73279,0.0532184,49.542,0.111531,0.44043,-0.0756027
369,1017.97,-1.74787,0.048292,49.5644,0.10921,0.44069,-0.0740553
370,1015.68,-1.70877,0.0495851,49.5883,0.105453,0.440907,-0.071841
371,1030.75,-1.68541,0.0500825,49.6097,0.101835,0.441177,-0.0697222
372,1094.02,-1.64864,0.0569726,49.6331,0.098648,0.44153,-0.0675561
373,1148.72,-1.67635,0.0532768,49.6559,0.096319,0.44183,-0.0657947
374,1191.96,-1.69571,0.0497792,49.6787,0.0939577,0.442091,-0.0640039
375,1226.19,-1.71081,0.0463715,49.704,0.0914749,0.442255,-0.0623008
376,1248.38,-1.72004,0.0430859,49.7278,0.0892191,0.442379,-0.0606874
377,1255.28,-1.71067,0.041908,49.7521,0.0872255,0.442407,-0.0592178
378,1254.37,-1.7137,0.0388964,49.7714,0.0860111,0.442409,-0.0581188
379,1237.17,-1.7093,0.0355709,49.7954,0.0844687,0.442334,-0.0569261
380,1211.47,-1.69747,0.0324897,49.8217,0.0823643,0.442226,-0.0556204
381,1137.7,-1.69603,0.0225982,49.8486,0.0793221,0.442081,-0.0538803
382,1073.86,-1.63751,0.0230442,49.8725,0.0767606,0.441948,-0.0523104
383,1017.22,-1.58283,0.0233478,49.895,0.0745788,0.441836,-0.0507536
384,977.296,-1.54022,0.0234842,49.9134,0.0726703,0.441767,-0.0493766
385,948.247,-1.49317,0.0247102,49.9379,0.0701495,0.441669,-0.047739
386,915.4,-1.45659,0.0236948,49.9634,0.0673626,0.441558,-0.0460506
387,890.018,-1.42507,0.0228334,49.9858,0.06511,0.441466,-0.0445029
388,866.46,-1.40101,0.0210575,50.0079,0.0630578,0.441365,-0.0430243
389,838.403,-1.36829,0.0203008,50.0298,0.0610038,0.441238,-0.0415947
390,815.813,-1.34087,0.0196923,50.0476,0.059409,0.441137,-0.0403884
391,788.999,-1.31046,0.0189109,50.0688,0.057591,0.440987,-0.0391026
392,762.611,-1.28183,0.0180917,50.0897,0.0558569,0.440819,-0.0379313
393,736.421,-1.2532,0.0172778,50.1102,0.054232,0.44065,-0.0367798
394,693.993,-1.21866,0.0153858,50.1303,0.0523726,0.44046,-0.0355689
395,665.809,-1.18546,0.0150161,50.15,0.0507511,0.44028,-0.0344671
396,639.168,-1.15331,0.0146285,50.1693,0.0492339,0.440101,-0.0333897
397,618.079,-1.12702,0.0142963,50.185,0.0480483,0.439954,-0.0324937
398,579.13,-1.10889,0.0101825,50.2035,0.0466621,0.439746,-0.03152
399,546.068,-1.06425,0.0108467,50.2216,0.0450651,0.43955,-0.0305203
400,518.755,-1.0245,0.0113628,50.2392,0.0435624,0.439364,-0.0295345
401,495.775,-0.989121,0.0117469,50.2564,0.0421771,0.439183,-0.02859
402,476.331,-0.957871,0.012006,50.2732,0.0409135,0.439004,-0.0277027
403,459.374,-0.930039,0.0121607,50.2895,0.0397754,0.438825,-0.0268837
404,455.641,-0.911584,0.0130641,50.3055,0.0389413,0.438658,-0.0262144
405,444.693,-0.895627,0.0127217,50.3185,0.038297,0.438509,-0.0256507
406,430.891,-0.877665,0.0122875,50.3336,0.0375749,0.438321,-0.0251055
407,354.948,-0.842652,0.00455457,50.3484,0.0371135,0.438039,-0.0247083
408,328.166,-0.788085,0.00663664,50.3628,0.0357005,0.437854,-0.0239137
409,309.345,-0.744576,0.0083747,50.3766,0.0343454,0.437679,-0.0231958
410,296.547,-0.70804,0.00988521,50.3901,0.0331575,0.437523,-0.0224107
411,288.319,-0.679784,0.0111389,50.4031,0.0321174,0.437372,-0.0217154
412,284.126,-0.660555,0.0120454,50.4137,0.0314281,0.437254,-0.0211464
413,281.249,-0.643946,0.0129384,50.4261,0.0307994,0.437107,-0.020634
414,280.039,-0.632748,0.0136675,50.4381,0.0304224,0.436954,-0.0202726
415,279.746,-0.625474,0.014277,50.4498,0.0303161,0.436798,-0.0200458
416,303.461,-0.671159,0.014122,50.4612,0.0328665,0.436611,-0.0209976
417,295.348,-0.666438,0.0135375,50.4722,0.0333174,0.436429,-0.0211065
418,285.462,-0.664219,0.0128958,50.4828,0.0335556,0.436225,-0.0215364
419,274.587,-0.654485,0.01246,50.4929,0.0337651,0.436051,-0.0216603
420,254.535,-0.615259,0.0138998,50.5011,0.0330507,0.435905,-0.0215054
421,248.325,-0.609158,0.0133908,50.5104,0.0328994,0.435763,-0.021482
422,241.9,-0.599591,0.0129775,50.5195,0.0326056,0.435639,-0.0213011
423,235.767,-0.58953,0.0125771,50.5283,0.0321057,0.435522,-0.0210789
424,230.098,-0.577961,0.0122149,50.5368,0.0314523,0.43542,-0.0207371
425,225.056,-0.565951,0.0118607,50.545,0.0306414,0.435327,-0.0203144
426,207.282,-0.540645,0.00939124,50.553,0.0292833,0.435244,-0.0196187
427,202.323,-0.518286,0.00987784,50.5607,0.0279574,0.435169,-0.0189086
428,199.838,-0.501349,0.0102246,50.5671,0.0268799,0.435119,-0.0182089
429,198.45,-0.485576,0.0105059,50.5745,0.0256062,0.435058,-0.017421
430,198.458,-0.47368,0.0106714,50.5817,0.0244082,0.435,-0.016669
431,199.569,-0.464769,0.0107473,50.5888,0.0233387,0.434943,-0.0159407
432,201.404,-0.458829,0.0107368,50.5958,0.0224188,0.434885,-0.0152883
433,205.619,-0.523929,0.00250224,50.6026,0.0239372,0.434791,-0.0156746
434,194.38,-0.483034,0.00417989,50.6093,0.0229724,0.434708,-0.0150381
435,187.825,-0.45992,0.00526442,50.6146,0.0221179,0.434628,-0.0148108
436,159.264,-0.281636,0.0184788,50.6209,0.0179676,0.434548,-0.0128345
437,171.789,-0.317436,0.0172289,50.627,0.0175783,0.43451,-0.0125899
438,184.102,-0.341533,0.0163038,50.6329,0.0177581,0.434492,-0.0119757
439,195.158,-0.37129,0.0152493,50.6388,0.0180793,0.43443,-0.0120252
440,204.12,-0.395133,0.0143721,50.6445,0.0188054,0.434361,-0.0121167
441,224.217,-0.476947,0.00921539,50.6501,0.0210846,0.434257,-0.0130953
442,219.24,-0.4754,0.00931635,50.6555,0.0221686,0.434139,-0.0135838
443,214.088,-0.476938,0.00933212,50.6598,0.0230132,0.434024,-0.0142808
444,207.178,-0.47304,0.00950633,50.6647,0.0240944,0.433901,-0.0149065
445,199.9,-0.468083,0.00971041,50.6694,0.0250568,0.433778,-0.0155548
446,192.62,-0.46092,0.00997196,50.6738,0.0258872,0.433665,-0.0161225
447,185.689,-0.452498,0.0102632,50.678,0.0265307,0.433559,-0.0166192
448,179.38,-0.442854,0.0105806,50.682,0.0269778,0.433465,-0.017005
449,173.875,-0.432592,0.0109058,50.6858,0.0272154,0.433382,-0.0172776
450,155.408,-0.415611,0.0073538,50.6887,0.0281762,0.433309,-0.0178168
451,148.761,-0.384706,0.00876644,50.6921,0.0275939,0.433247,-0.0176655
452,144.654,-0.361347,0.00994419,50.6953,0.026732,0.433193,-0.0174892
453,142.521,-0.340582,0.0110184,50.6985,0.0257651,0.433159,-0.017028
454,142.02,-0.325802,0.0119026,50.7015,0.0246749,0.433136,-0.0165061
455,142.898,-0.315404,0.0126424,50.7044,0.023582,0.433123,-0.0158837
456,145.011,-0.310134,0.0132227,50.7072,0.0225405,0.433115,-0.0152619
457,148.228,-0.30917,0.0136697,50.7101,0.0216309,0.433111,-0.0146608
458,163.391,-0.359165,0.0124182,50.7124,0.0220151,0.433119,-0.0146055
459,166.196,-0.358573,0.0127606,50.7151,0.0216206,0.433104,-0.014229
460,169.964,-0.364282,0.0129792,50.7183,0.0213274,0.433072,-0.0140855
461,173.382,-0.369265,0.0131561,50.721,0.0213284,0.433046,-0.0139542
462,176.725,-0.376449,0.0132707,50.7236,0.0214948,0.433012,-0.0139738
463,179.743,-0.384056,0.0133722,50.7262,0.021854,0.432974,-0.014079
464,182.257,-0.392276,0.0134571,50.7286,0.0223674,0.432928,-0.0143018
465,179.864,-0.387617,0.0139042,50.731,0.0227959,0.432872,-0.0145186
466,181.764,-0.396645,0.0140079,50.7333,0.0235,0.432817,-0.0148926
467,182.999,-0.404641,0.0141368,50.7355,0.0243034,0.432759,-0.0153064
468,183.578,-0.412259,0.0142734,50.7375,0.0251488,0.432696,-0.0157928
469,183.525,-0.418758,0.0144371,50.7394,0.0260236,0.432632,-0.0163053
470,182.928,-0.424306,0.0146226,50.7412,0.0268926,0.432565,-0.0168408
471,181.894,-0.428668,0.0148352,50.7429,0.0277288,0.432499,-0.0173715
472,180.604,-0.432014,0.0150689,50.7445,0.0284969,0.432436,-0.0178816
473,155.094,-0.408808,0.0108418,50.7459,0.0301609,0.432338,-0.0187675
474,150.03,-0.385641,0.0125448,50.7471,0.030134,0.432281,-0.0189338
475,147.181,-0.370755,0.013986,50.7483,0.0299024,0.432226,-0.0191449
476,146.085,-0.358122,0.0153252,50.7492,0.0296445,0.432196,-0.0190939
477,146.364,-0.352431,0.0162834,50.75,0.0293594,0.432175,-0.0190473
478,147.894,-0.348792,0.0173165,50.7508,0.029042,0.432163,-0.0188956
479,150.702,-0.350133,0.0181857,50.7516,0.0287507,0.432156,-0.0187564
480,154.619,-0.35513,0.0189311,50.7524,0.0285633,0.432153,-0.0186243
481,159.587,-0.363928,0.0195524,50.7532,0.0285053,0.432151,-0.0185512
482,161.865,-0.471026,0.00704563,50.754,0.0323508,0.432135,-0.020125
483,152.913,-0.421453,0.0105467,50.7548,0.0319263,0.432083,-0.0199205
484,148.936,-0.39941,0.0128951,50.7552,0.031386,0.432013,-0.0202416
485,147.071,-0.373408,0.0156288,50.7558,0.0310565,0.431979,-0.0200313
486,148.172,-0.360002,0.0182852,50.7563,0.0307168,0.431938,-0.0200001
487,151.494,-0.356509,0.0202845,50.7567,0.0306739,0.431919,-0.0199086
488,156.742,-0.361947,0.0219974,50.7571,0.0308552,0.431899,-0.019974
489,166.131,-0.351364,0.0269185,50.7574,0.0302354,0.431902,-0.0196809
490,177.679,-0.380804,0.0273832,50.7576,0.0310541,0.431894,-0.0200485
491,192.366,-0.415431,0.0279191,50.7579,0.032487,0.431879,-0.0205499
492,207.038,-0.453365,0.0283321,50.7581,0.0342608,0.431824,-0.0214252
493,222.85,-0.496069,0.0288155,50.7583,0.0368139,0.431728,-0.0226756
494,234.356,-0.532129,0.0292143,50.7584,0.0393018,0.431604,-0.0240289
495,235.386,-0.554713,0.029485,50.7583,0.0419012,0.431426,-0.0255601
496,242.256,-0.58463,0.0301821,50.7579,0.0445885,0.43125,-0.0271642
497,247.277,-0.61269,0.0308699,50.7572,0.047312,0.431057,-0.0288459
498,250.723,-0.638247,0.0315622,50.7562,0.0499772,0.430856,-0.0305285
499,252.75,-0.661119,0.0322619,50.7549,0.0525023,0.430653,-0.0321794
500,253.721,-0.681067,0.0329721,50.7532,0.054823,0.430456,-0.0337447
501,254.201,-0.699709,0.0338343,50.7507,0.0572361,0.430256,-0.0353383
502,254.42,-0.71344,0.0343812,50.7487,0.0586712,0.430111,-0.0364898
503,255.046,-0.727107,0.035044,50.7459,0.0600997,0.429972,-0.0376489
504,214.369,-0.770419,0.0186062,50.7429,0.0601586,0.430076,-0.0380769
505,198.751,-0.703934,0.0249353,50.7396,0.0594591,0.429921,-0.038188
506,194.385,-0.659799,0.0303622,50.7364,0.0587902,0.429833,-0.038057
507,199.934,-0.634817,0.0356353,50.7326,0.0581972,0.429792,-0.0378476
508,209.929,-0.631928,0.0387945,50.7298,0.0580229,0.429796,-0.0377298
509,191.384,-0.716221,0.0207812,50.7264,0.0595538,0.429925,-0.0383037
510,185.901,-0.639333,0.030441,50.723,0.0586984,0.429763,-0.0379037
511,195.497,-0.603963,0.0396328,50.7192,0.0585568,0.429588,-0.0380461
512,215.576,-0.60379,0.0462269,50.7158,0.0595119,0.429504,-0.0383109
513,246.098,-0.631203,0.0516983,50.7122,0.0613997,0.429396,-0.0391583
514,248.598,-0.796468,0.0324114,50.7091,0.0679084,0.429201,-0.0419968
515,251.87,-0.750088,0.0435486,50.7051,0.0701427,0.428773,-0.0432368
516,272.112,-0.757143,0.0523333,50.7006,0.0731553,0.428248,-0.0454999
517,305.749,-0.787486,0.0596389,50.6955,0.0773345,0.427805,-0.0476981
518,350.05,-0.845172,0.0654235,50.6896,0.0822426,0.427276,-0.0505617
519,401.474,-0.916399,0.0701085,50.6828,0.0879024,0.426702,-0.0537207
520,456.109,-0.998159,0.0738216,50.6751,0.0940334,0.426026,-0.057312
521,510.122,-1.08319,0.0767962,50.6664,0.100464,0.425272,-0.0611343
522,552.638,-1.15752,0.0787104,50.6582,0.105759,0.424545,-0.0646288
523,599.263,-1.23998,0.0806488,50.6468,0.111984,0.423709,-0.0686001
524,525.602,-1.21563,0.0804118,50.6341,0.114569,0.422521,-0.0709222
525,581.678,-1.27259,0.0873342,50.6199,0.120186,0.4216,-0.0746936
526,650.156,-1.34017,0.0924675,50.6041,0.126041,0.42091,-0.077993
527,672.501,-1.55565,0.0691667,50.5866,0.131971,0.420408,-0.0818335
528,676.647,-1.52238,0.0817635,50.5677,0.13614,0.419394,-0.0847676
529,707.421,-1.53715,0.0891775,50.5509,0.139393,0.418625,-0.0875021
530,765.989,-1.57537,0.0955333,50.5294,0.143205,0.418067,-0.0901637
531,839.896,-1.63238,0.0995522,50.5066,0.146602,0.417721,-0.0925829
532,781.669,-1.78306,0.0740036,50.4789,0.149671,0.417388,-0.0948451
533,798.277,-1.72035,0.0893286,50.4545,0.151166,0.416819,-0.0963535
534,868.314,-1.72479,0.0991209,50.4297,0.152727,0.416624,-0.0978358
535,970.593,-1.76737,0.104972,50.404,0.154439,0.416752,-0.0991212
536,920.966,-1.74463,0.104482,50.3818,0.153907,0.416606,-0.0994413
537,1086.3,-1.81245,0.110949,50.3563,0.155157,0.417061,-0.100454
538,1307.33,-1.92798,0.112948,50.324,0.157324,0.4179,-0.101528
539,1492.13,-2.03984,0.111551,50.2989,0.159247,0.418504,-0.102732
540,1658.58,-2.14608,0.108476,50.2754,0.160738,0.419106,-0.103773
541,1797.64,-2.24087,0.104367,50.2509,0.161699,0.419722,-0.104635
542,1873.55,-2.38425,0.0885371,50.2306,0.163499,0.420315,-0.105792
543,1887.34,-2.39914,0.0868016,50.2086,0.162713,0.42087,-0.105789
544,1897.96,-2.41456,0.0838653,50.1891,0.160764,0.421554,-0.105389
545,1902.9,-2.42012,0.0803595,50.1669,0.157956,0.422555,-0.104221
546,1965.2,-2.34693,0.0905522,50.1491,0.152538,0.423721,-0.101796
547,2050.46,-2.40236,0.0820252,50.134,0.148676,0.425165,-0.0997614
548,2102.19,-2.42893,0.0743594,50.1191,0.144161,0.426723,-0.0970081
549,2068.66,-2.48573,0.056793,50.1074,0.139667,0.428138,-0.0943951
550,2012.57,-2.43729,0.0537914,50.1002,0.134502,0.429296,-0.0912393
551,1953.02,-2.38114,0.0502815,50.0949,0.127712,0.430595,-0.0874359
552,1904.48,-2.32368,0.0469638,50.0895,0.120692,0.431936,-0.0833441
553,1867.09,-2.26631,0.0438058,50.0885,0.113666,0.433228,-0.0790193
554,1843.26,-2.21234,0.0406724,50.0917,0.106576,0.434445,-0.0745626
555,1797.17,-2.19316,0.0305885,50.0938,0.0999046,0.43558,-0.0702047
556,1742.93,-2.11522,0.0291859,50.1008,0.0930285,0.436531,-0.0657097
557,1704.54,-2.04669,0.0276912,50.1101,0.0864956,0.437369,-0.0613948
558,1677.07,-1.98612,0.0261064,50.1199,0.0805732,0.438114,-0.0572931
559,1655.41,-1.93397,0.0243912,50.1311,0.0753654,0.438719,-0.0535591
560,1615.47,-1.86619,0.0241902,50.1448,0.0702653,0.439196,-0.0499451
561,1597.08,-1.83223,0.0216387,50.16,0.0665077,0.439501,-0.0470318
562,1566.64,-1.79618,0.0193632,50.1739,0.0634675,0.439714,-0.0444678
563,1466.56,-1.87143,-0.00141266,50.1903,0.0644288,0.439316,-0.0438524
564,1329.76,-1.76631,0.000589646,50.2045,0.0618425,0.439263,-0.0418489
565,1191.49,-1.66465,0.00234167,50.2203,0.0587021,0.439103,-0.0402888
566,1076.61,-1.56741,0.00398675,50.2348,0.0559986,0.439022,-0.0384321
567,981.53,-1.48281,0.00529983,50.2504,0.0534153,0.438905,-0.0367813
568,906.394,-1.40624,0.00639027,50.2668,0.0507007,0.438812,-0.0349715
569,845.727,-1.34062,0.0071774,50.2813,0.0481815,0.438735,-0.0333182
570,859.673,-1.41097,-0.00279163,50.2964,0.0495969,0.438512,-0.0332826
571,760.209,-1.31129,-0.000448637,50.3113,0.0474216,0.438358,-0.0317752
572,681.134,-1.23182,0.00132279,50.3257,0.0450999,0.438167,-0.0307705
573,627.703,-1.16606,0.0027695,50.3376,0.0434046,0.438066,-0.0295201
574,575.839,-1.10018,0.00413425,50.3515,0.0413331,0.437929,-0.0282849
575,621.609,-1.04435,0.0125605,50.3652,0.0361375,0.438098,-0.0256382
576,616.276,-1.03449,0.0112415,50.3808,0.0348541,0.437958,-0.0246579
577,606.915,-1.01545,0.0104463,50.3943,0.0342811,0.43786,-0.0234877
578,592.275,-1.00218,0.00953933,50.4076,0.0338153,0.437689,-0.0229444
579,576.293,-0.987101,0.0089208,50.4185,0.0337082,0.437543,-0.0224878
580,552.596,-0.970252,0.00817757,50.4311,0.0336992,0.437333,-0.0222909
581,525.027,-0.950387,0.00754537,50.4434,0.033847,0.437115,-0.0221908
582,494.604,-0.928267,0.00699857,50.4553,0.0340277,0.436892,-0.0221953
583,345.629,-0.694067,0.0175419,50.4667,0.0304139,0.436638,-0.0206259
584,352.282,-0.714291,0.0154569,50.4776,0.0303507,0.436492,-0.0205979
585,353.103,-0.718628,0.0138446,50.4882,0.0305509,0.436378,-0.0201327
586,349.663,-0.723341,0.0125057,50.4967,0.0305744,0.436247,-0.0201307
587,341.403,-0.720854,0.0111512,50.5067,0.0306563,0.436098,-0.0200006
588,329.574,-0.71487,0.00992278,50.5163,0.0306122,0.435942,-0.0199787
589,312.901,-0.701007,0.00870572,50.5272,0.0304148,0.435771,-0.019847
590,297.267,-0.685036,0.00779326,50.5362,0.0300309,0.435635,-0.0196746
591,281.454,-0.665311,0.0069946,50.5448,0.0294291,0.435513,-0.019372
592,266.2,-0.643097,0.00627117,50.5531,0.0285784,0.435405,-0.01895
593,252.057,-0.618823,0.00560687,50.5612,0.027482,0.435312,-0.0183788
594,237.348,-0.589347,0.00486345,50.5703,0.0258864,0.435218,-0.0175548
595,201.811,-0.669426,-0.0127853,50.5826,0.0313281,0.435033,-0.0196533
596,168.225,-0.553567,-0.00952419,50.5916,0.0280986,0.434966,-0.0179987
597,148.68,-0.471309,-0.00723554,50.581,0.0243034,0.435158,-0.0171286
598,137.768,-0.386106,-0.00492424,50.5826,0.0206033,0.435202,-0.014987
599,132.39,-0.321039,-0.00320679,50.591,0.0163716,0.435135,-0.0128935
600,130.283,-0.265074,-0.00179034,50.5953,0.0121652,0.43513,-0.0103683
601,131.986,-0.408377,-0.021602,50.6002,0.0160606,0.435193,-0.0112838
602,123.481,-0.27442,-0.016656,50.6054,0.011244,0.435143,-0.00836719
603,121.416,-0.186205,-0.0130175,50.6105,0.00593864,0.435074,-0.00644449
604,121.071,-0.103782,-0.00962067,50.6156,0.00124302,0.434988,-0.00344331
605,120.868,-0.0497191,-0.0070479,50.6206,-0.00328907,0.434899,-0.000858261
606,120.782,-0.0107031,-0.00493318,50.6254,-0.00716087,0.434814,0.00182367
607,121.625,0.00879621,-0.00337704,50.6302,-0.0103666,0.434741,0.00407886
608,124.206,0.0146452,-0.00220865,50.6347,-0.0126766,0.434685,0.00598932
609,128.889,0.00736111,-0.00139929,50.6391,-0.0140527,0.434645,0.0073565
610,135.36,-0.00901685,-0.000827311,50.6434,-0.0144177,0.434617,0.0081764
611,142.784,-0.0324561,-0.000427732,50.6475,-0.0137996,0.434598,0.00839178
612,132.38,-0.121349,-0.0153004,50.6514,-0.00738976,0.434359,0.0059713
613,126.844,-0.0721079,-0.011341,50.6553,-0.0061642,0.434339,0.00552883
614,123.594,-0.0479356,-0.00806322,50.6589,-0.00477696,0.434319,0.00409892
615,121.834,-0.0227442,-0.00477584,50.6623,-0.00275568,0.434287,0.00309136
616,120.921,-0.0100836,-0.00183013,50.6656,-0.000576692,0.434243,0.00167295
617,120.508,-0.00135286,0.00100277,50.6688,0.00189106,0.434188,0.000280109
618,120.36,0.000308865,0.00364265,50.6719,0.00449111,0.434119,-0.00131172
619,123.686,-0.13678,-0.0144193,50.6754,0.0162168,0.434092,-0.0067451
620,136.516,-0.0333492,-0.00714568,50.6782,0.0179009,0.434008,-0.00801048
621,152.937,0.0284338,-0.00104092,50.681,0.0186869,0.433871,-0.0102367
622,166.61,0.091146,0.00500768,50.6835,0.0195947,0.433717,-0.0110606
623,174.346,0.128763,0.0103127,50.6859,0.0200098,0.433543,-0.0120118
624,174.957,0.154574,0.0152228,50.688,0.0203964,0.433375,-0.0124618
625,169.197,0.161719,0.0195605,50.6898,0.0207129,0.433214,-0.0129268
626,157.117,0.153124,0.0240823,50.6917,0.0213438,0.433049,-0.0133496
627,144.977,0.129852,0.0274689,50.6931,0.0222045,0.432923,-0.0138745
628,338.648,0.262208,0.00301032,50.6945,0.0280926,0.433328,-0.0165053
629,352.717,0.367887,0.0159802,50.6955,0.0264805,0.432856,-0.0160082
630,326.023,0.412275,0.0286727,50.6971,0.025255,0.432298,-0.0164084
631,278.373,0.4144,0.0383102,50.6981,0.0256485,0.431931,-0.0164008
632,232.251,0.382158,0.0452552,50.6982,0.0268396,0.43167,-0.0170427
633,173.058,0.303185,0.0538256,50.6978,0.0303346,0.431382,-0.0185142
634,135.728,0.190635,0.0609113,50.5492,0.0359959,0.433271,-0.0211706
635,122.731,0.055367,0.067368,50.5129,0.0443482,0.433319,-0.0252305
